study_hours,work_hours,sleep_hours,interest,GPA
4.49448142616835,1.8513292883861965,6.30852841867953,8.36351497104449,1.655777963431195
11.408571676918994,5.419009473783581,6.234893995359999,8.983406985956861,3.5516210293865194
8.783927301736862,8.729458358764083,9.531272902605183,6.252339493962495,2.398705272582854
7.183901810364439,7.322248864095612,6.247730999247531,8.124370498034995,2.1890580999045515
1.8722236853092382,8.065611478614498,6.359748630643155,7.858729915718744,0.5583865316620469
1.8719342440344318,6.587833667107174,8.796991312089819,9.164151883941354,0.8321885898549706
0.6970033460183935,6.922765645178525,7.2486992122527,9.530435302406303,0.4629627215465918
10.394113749299223,8.491956515653193,8.883552784775906,5.060783857386934,3.093636299007107
7.213380140918506,2.4966800885918596,5.326830787821926,8.370099595293963,2.439180037845959
8.496870933552547,4.894249636431405,7.437855968366922,5.259178995598645,2.704348798244194
0.24701393154962936,2.2120944181960223,5.1680680009164135,7.74429332538678,0.36349945855508775
11.638918225943932,9.87668007996647,5.3132660172767725,6.438163645218391,3.197841463784856
9.98931168960506,9.440593396866133,9.532187266722055,6.533882997610706,2.724763837038211
2.548069328139314,0.394268113685059,5.696226855587976,6.764792517261783,0.9447073927575413
2.1818996064852074,7.055751725156885,7.662103411376085,8.10646224524805,0.901782295687718
2.200854118241206,9.252483174156659,7.055478013003533,6.670249828343846,0.5976320767645288
3.6509069155144527,1.8057534512733353,6.736716631294213,8.663495252951403,1.404984402090669
6.297077179586854,5.679452305526294,9.499166728436363,7.022636927869348,2.0051505385997417
5.18334022370539,9.154882975880419,5.109116983877447,5.341766001549793,1.2972579183175958
3.494749682376503,0.3394597858579884,8.318948430877946,8.918799212420536,1.6314519154200513
7.342234736668553,6.974202672468399,9.816972171067752,6.42879162296353,2.053960287377146
1.673926327824502,2.9734900737255074,7.80084091730921,7.163834397996313,0.9535033946610751
3.505735782422618,9.243961953765304,9.68411231016546,8.427219416109509,0.9895226370385202
4.3963421195243,9.710582451653679,5.261289396430119,6.66228078574356,1.0333735132746062
5.472839810604431,9.442664891134338,7.093966595370807,5.282928280733578,1.5697186986246123
9.422111536716162,4.742142166574638,6.300788954810256,6.869605235064068,2.789526352686117
2.396085385900317,8.620426509893134,8.654104824903648,9.722242913471517,0.8878042902754384
6.170813260963339,8.445493985350703,9.906485452486233,8.20867198649279,1.8289692790214664
7.108974826344509,3.1910047324325563,6.282650312221239,8.357395743336035,2.373142211281725
0.5574049526399727,8.289154741506774,8.270873007370373,8.1614107681882,0.35276374871665306
7.29053822281726,0.3700763471549262,5.990488163798701,5.994960694797184,2.3686576494874316
2.0462894842474983,5.96269878482053,7.826651272858049,7.0916693205114,0.9157519060332231
0.7806191158233542,2.3000883728770303,7.319662433441681,8.754698991816591,0.7191813161031548
11.38662644704,1.205668857772788,9.860026648157685,5.506864487765796,3.55570449122336
11.587584396894712,0.7695320162920916,8.042636363482334,6.389263880448562,3.8377987182538096
9.700768177397533,6.962887758781397,6.747531860434094,6.3815955423292685,2.76208606528019
3.6553652300804482,3.3987496376806616,5.570478924439667,7.16009463797253,1.3266720871401014
1.1720653680766064,7.247667715287615,5.756234143674673,9.901843704710926,0.38923622465860125
8.210796318145883,0.6535634079894237,6.126584649756175,5.33751273341911,2.630560725044294
5.281829924875216,3.152903378306103,6.2548333067014905,7.593504971902975,1.8269038085472595
1.464458818137346,5.394912923753372,9.25308028920569,5.896823410061052,0.36959199925353525
5.942122921335242,7.907231648389636,7.806113941412624,9.853382727048722,1.9872752939810907
0.41266225338262075,3.187525029320699,7.616954556871832,5.566517523637321,0.36442242454875123
10.911844824945385,6.2589137643700905,5.573844359346087,7.018005011807956,3.360607759265111
3.105359779200203,8.85977748236187,9.300698466747175,8.68942492417303,0.8886190596419674
7.950267412247784,6.158631881823045,8.614071516042419,8.522772140137226,2.6771486295831832
3.7405329130729315,2.329594747536338,5.338341809500008,7.1136431844696615,1.4056801365450624
6.24081625413373,0.2440078155653802,8.539175486148842,6.732620839763591,2.2600444854618504
6.560523352119356,8.700988739009299,7.717691086713231,6.988061892764353,1.9331075686853418
2.2182534663063245,0.21269410850387138,5.408626728733891,6.321381315793197,0.8548413344667039
11.635015533174702,8.747016726841995,7.291503207643283,6.0266646935339985,3.453153823610311
9.301593880333375,5.28937134027212,7.423481435650235,7.41519848779445,3.126009597086407
11.273987298770269,9.390676985128962,5.828872700816379,6.342668780338037,3.1126623403746323
10.737928205131785,7.987832357736654,9.728490735001412,6.437308324486251,3.0219868436527024
7.174799745733022,9.979341105333376,9.24987685740331,8.283780317372784,2.053472868453238
11.062490820277402,3.5071181545171015,8.345111686645541,9.84268665849946,3.743391338357366
1.061910024623034,7.671882889311269,7.311477805003036,8.018186002796876,0.5349788629213467
2.3517943490297424,4.019309136092422,7.058827707922543,5.3848973353248315,0.9045728479043016
0.5427274669264568,4.798756203039089,8.25486733575477,5.3779180692703346,0.32288042992598276
3.903963969159172,6.275054632183701,7.727159347034528,9.75711610422783,1.4574364591385665
4.664127476273784,8.736771141863388,5.311365529409428,6.486453951536668,1.1623996857889656
3.256188381286751,9.840834691992951,7.562513243851658,5.460334930412377,0.8848147797863777
9.944850109823152,7.682734138645182,9.032018086164197,7.995222935751908,2.9993183260146865
4.281039920323071,4.177667821673338,7.296199387984791,8.11824389145133,1.6754285850132544
3.371214116248569,4.213570022770702,5.259782887771342,8.24252410059344,1.2006857337360357
6.512352997898981,7.375823015888915,8.931390996920165,6.337010139287706,1.9849147485752485
1.6910906996971518,2.3877714576830233,6.006818910679872,5.075553421072375,0.5879386370249945
9.626363769048476,1.1047411313139466,6.293104174440193,9.82507684727236,3.2326720741488457
0.8946077241572499,3.546221576407765,5.823531767161479,6.254465228455512,0.2910712384267868
11.842643239206208,2.8723899165408175,6.651075324357487,8.380131440262737,3.8091734759348217
9.26693723155989,2.963081204559901,8.783757528443175,8.533149349393547,3.2319271092399724
2.384588178410069,2.3360775104990994,7.5969292975196865,8.050037085397427,1.1985725779980656
0.06626540548322879,0.42093189636361883,6.024406370753563,6.564536971068241,0.19883302682678783
9.78553714145801,0.1787393473341381,9.389150390760204,6.355481268820329,3.126724175070696
8.482288126171404,9.877223897360315,9.397909274757646,7.988341413513515,2.450825242983406
8.748086016491847,4.277731337358624,9.352892125230035,9.330478168058457,2.810539238079623
9.25524416023135,3.8432664715968166,6.193981056907696,9.733668644616978,2.984409924489564
0.8885358208090843,6.796472826930699,7.25619672090494,5.529529022018788,0.3267371048961903
4.301588742531271,2.1825388786506417,9.924948280704376,5.7741430629886,1.3813496788268491
1.3904287143015566,9.499611839502254,8.860062381549952,9.723681293915398,0.5421480223153543
10.357241110507122,7.863450144155521,5.135837106127799,8.682676141673962,3.1139998259443606
7.479577521930695,0.8941100231225951,5.32602295630246,9.414969124148865,2.5991677554230788
3.9707762982317902,4.175807757849284,7.319656884061664,6.013163170676716,1.382442501577073
0.7627002034322836,8.791183075621646,9.5461010293078,7.937929355547009,0.18925090724860266
3.7317878605879464,9.447320222914103,7.693508989763571,8.505697972087368,1.2471703470306787
3.9021998643209646,4.674015112498697,7.489062540171451,8.400559427234864,1.5369592036713544
8.75527414005677,6.134113892107077,5.527368499783153,7.04075845433349,2.719876547411677
7.650689656262557,1.6703394609207523,8.28390052362147,5.076974458456542,2.61168992383273
10.646552910915918,9.911686261369766,9.110515803001128,7.914630284021316,3.0983815602062874
5.666579101943391,2.3167170138344337,6.902100037537812,6.265507695898044,1.7841378798912957
1.4351309512596204,9.427317741351256,8.878059254626638,7.251271230714451,0.5591733983103233
8.558937446675941,6.496466489923685,9.822383269504058,9.787905075419086,2.6428579095065983
9.12942058340277,6.077367948788591,6.018832295638445,6.995176588212173,2.634957777581401
6.735326370833954,5.126885110165086,7.6166481559737065,9.199008033322134,2.364253655741932
9.251606159454731,2.3066981171775867,6.435689790422877,5.942703028746256,2.86014694197754
5.925547156372689,1.7652803200550826,8.964272095169196,8.362302490125144,2.2894001309090526
6.272793952583928,2.2048620907017535,7.887966829405787,9.885034772194718,2.371595081240091
5.130492220302596,1.8643826214425452,8.172912087751518,5.509465504364684,1.8459285350186514
0.30502952092914226,7.795844735667533,8.98957079807947,5.0415997111359605,0.10171661949536626
1.2946971239196534,3.501252591667301,6.979852363312275,7.1679139631630715,0.6133465075925311
0.377150228240811,0.5784267656339637,9.575450342035216,5.463127415256836,0.28422373019054525
7.636924935165364,9.691026301408113,7.6651443362307,8.741921748381156,2.406526165479204
3.77227177291592,8.837858849634257,5.7897741141767405,9.572743319242795,1.089788589393063
6.102848293976433,9.27752283195213,8.479495590844012,7.170104863543794,1.9669783465953232
10.890797687113116,9.949078226464353,8.966306752191272,6.293558210777205,3.1697853948107166
2.9915067497864993,1.738952492194873,6.583808385337633,7.172016595033049,1.2105044003262062
4.924595076427557,3.9624201890265875,9.285896284993765,8.617239089250006,1.6792575134769374
9.066613662516584,7.582384757040913,9.530716273828832,5.045270807901855,2.5408648609029294
2.7455779858994696,6.960206180537922,6.3845224368890445,7.947269947423486,0.8756630867429449
0.9237589179455159,1.5389590633985506,9.91760736357611,8.066458424436895,0.6001797222137273
3.4770174349652163,8.158331249906178,5.703557640243792,8.188441234479678,1.035188667994256
1.934655447048053,2.2444057183666066,6.01007834201245,6.210110399904386,0.6681763481960856
11.156371828110878,2.2381761482262306,5.921124196190131,8.570263616890633,3.6350027410219514
9.697444554773003,5.3697442289341355,9.469948550039351,5.456957431658882,2.8407461549851942
7.600845078125081,5.929399348417031,8.271462761624809,5.996351682334004,2.383783556016673
10.457527082252613,5.8008620783781115,5.760521416111365,9.38735023327241,3.247215020756878
9.644064922789374,0.9148683739775487,7.2016170918417455,8.693615753632832,3.4474760581379353
2.23884070663243,8.774608626303804,8.076490125349011,5.068727770056726,0.6329217806745387
10.710707981879732,2.6560004258870604,5.417320424946917,6.241881301849001,3.280412373269567
6.472106902987809,1.2951492128280417,9.412081842036693,6.072032414965823,2.0768746102549405
9.68928186196875,8.887480798689772,9.018017677207677,6.354031640184862,2.662410518656136
10.753095599081918,9.556514982297534,7.526033867883191,6.2377988513994325,3.1481029306096984
3.8160416996623665,8.621276172654506,9.835633076295853,5.312631478714229,0.9137487012659847
1.320623094332121,8.09516074724878,7.088804896375498,7.294702582984102,0.5914288909371974
2.7352219505033,6.552419806390217,9.920551595182488,8.663667373930826,0.8929455948314791
5.125293463515076,5.5085737060913935,8.339599994018135,8.033658623587183,1.862159353749953
9.816177191069917,0.8698675991141014,8.173356366269708,8.3643583429904,3.5013597773652707
10.328766999076121,4.084532130706987,5.829774476478925,5.405745892681196,3.094403493187487
0.08342556637428844,3.72688517012314,9.40963879152322,9.757453550883936,0.23868341140612942
6.128967630930789,2.5975378376032623,7.137448439603076,9.192459169215123,2.3088133973990734
5.008932037785348,7.234201136885849,5.811167028912397,9.025451592478314,1.5409695544913118
2.665293725648763,4.9587573507877085,5.063037599878795,9.114919025208838,0.9516502501552435
1.4383844080041936,0.8104621590764793,7.798778418191913,9.663552540663806,0.9909922144474339
4.0513820568435355,2.2018320194981134,7.636998110613382,7.721269830568488,1.7053230160781552
11.31491644695023,6.832587636595959,8.596768111845794,6.00141008933813,3.452845552255271
3.8784351842490628,0.7613085949030018,9.45129026508901,8.083918039262706,1.5254651255295688
6.225487460920393,8.512069140487688,5.397032923215147,8.714407468339695,1.8420427812517335
8.436227506742135,4.951465270139743,8.657482451701812,8.689586966770127,2.8832949885156536
4.363555228551528,4.80586577326648,5.937059720487911,7.607245120834401,1.4687732799021342
11.661384992651527,5.924077846595176,9.29088526578582,5.34229359666789,3.4022116054656992
11.549367539305335,8.246809659251491,9.09531756930828,6.855564692150639,3.2524697788290253
3.02138754990437,3.4780920790219305,7.703968774927722,9.603833042316786,1.3325116610202143
5.966982070708625,6.780161525590636,8.551213993116558,7.9222445487871305,2.0510865449330558
3.610539717801236,5.657319639957911,6.571750565918742,7.691659716278567,1.2002959333424752
3.4180859325296113,2.6702827016942132,7.355839494664073,6.344267571910968,1.2919116446741727
0.44264336825439354,8.78629986355158,9.108184488552357,6.842244599582894,0.0
7.314772007758762,7.974260216069281,7.296325985866069,9.476730445765845,2.3957185915241648
6.032148278746337,6.584518346584255,6.788991326627209,8.332315237634178,1.8804185662946884
0.6177450149998722,8.505817290942419,7.4710622362515,8.936935133761665,0.36003263995284096
3.3437575708393372,8.672942009598025,9.141246262186092,7.271727115338276,0.9694801707719001
10.899190631599843,7.083629767150348,6.676040236854364,8.15123609728079,3.3155757011224356
2.874742688003669,8.37013328363672,5.868807965678719,6.241918043716037,0.6439161422192647
1.738738465094677,6.974714616692836,8.560070101653903,8.527304151417432,0.7728858086937613
5.873433123330756,6.801407717603004,9.12989106354041,7.138006668516686,1.8219595511190765
11.827805449327208,6.186113782151843,5.503187392617667,7.212727574073728,3.6390359456905705
2.904663258138005,7.527166395576412,6.199370563779723,8.246611622884409,0.8950406576625809
8.065626568870542,1.586051052930737,5.7098599488049695,9.681403107344632,2.740385418014626
9.139435383944612,8.808707591989284,6.739707057910833,5.320031733043105,2.5013952355839195
2.851650527908796,8.71843527745232,7.251754894527063,9.123716186735038,1.0195733945000227
8.738596183342315,0.29247283034559146,8.744131684816532,6.461915552060965,3.006955213485415
4.413397592631039,8.258167505647627,8.25573792440837,7.219597272531889,1.5111109025069303
7.587669967122954,1.288698674734452,8.104642837392156,5.109566643875045,2.611866056400164
7.602356529130736,3.351188542591419,6.761874733048272,6.505230389171565,2.31314753160965
6.429296208897101,7.435082562916078,9.2072377654238,7.513156213150652,1.9570347345233265
1.0834772406528996,1.607598960483082,7.356435836990823,5.280880386737195,0.6446632241717158
10.023629947070855,8.179670241190621,9.895524690075773,7.455478646915825,2.9981054720617255
3.84936077966083,8.32134177957742,8.170710691478684,9.635553144292135,1.338741144919378
2.238222124798251,5.074677337608362,5.631323707822514,5.526966090539026,0.6177327705590572
0.489301698657167,0.0638587171683358,8.380887810377171,8.822203640377522,0.7435975737387335
7.090715318258901,2.870381331749128,6.625520077158495,7.048355266879963,2.383695528890214
8.130772342107388,6.169269183757422,8.431635983430487,8.27586857262169,2.730768243444346
0.19905394713427382,9.811861780274235,5.348205740812029,6.301182989926147,0.0
6.145116699591371,6.3181352701666835,5.874407185879797,5.797461312706791,1.727628246369077
2.7179493023752554,2.5980358106415977,9.278686294528931,5.802313071356132,0.885483000180497
7.742073484913398,6.340057030996114,6.135897785117574,5.352459728215723,2.2056191939242136
2.0923971480598973,5.3998537971585545,9.1852056262147,5.928233524506215,0.5577264545600416
8.29125285722959,7.798453951511436,6.3963804422720525,8.321096924944841,2.4974531595933054
4.640824155606449,1.069806388269584,8.214409550293539,9.408453059217539,1.9387569272684553
11.240759864840815,7.61027902502028,8.470752867549155,9.070628427955809,3.591714008201231
1.650251329751919,5.412665786761103,7.563273765725265,8.42567154937242,0.8244421095875207
4.092796212603102,9.629920038589946,6.526553383483656,5.552159317055513,0.9463428618514333
1.3616822548870688,3.418721660386861,6.063221881855481,6.445937231479749,0.43756859344677757
11.096323419342752,6.326218931339481,5.165946772812131,6.549034376612345,3.212586079235851
10.528072240571772,9.320281055100175,6.519732006203619,6.249784731988106,2.892407619416523
3.0952995325818673,1.0250972799067926,8.265813952656416,7.575028298548616,1.4773349957792206
7.9198085524101485,9.372284872364512,9.691524092242414,7.677769074398363,2.307328322104819
9.80666640241459,6.878857223008134,9.35602241131526,6.784429875855551,2.79805705957397
6.6624097391935475,0.678370591051719,8.830323882676513,6.76894579368218,2.3648043922054782
6.355806940272078,3.0096356694681625,8.942236716266493,9.142777989530407,2.3562602986082157
2.90222749080542,7.081720886452816,8.324924517379976,8.946464241598427,1.1165822029189854
1.1172332136707905,0.673506014687717,6.3014342878300145,6.538979158403729,0.5014946633668512
10.76658909543992,5.8217046017627325,9.535975153529149,9.568942219366296,3.3388914985438394
10.805016685959966,3.4588305695295674,8.35366155952917,9.76407508501253,3.668563477311512
7.597217487279215,6.209155177674771,7.8022031549022,6.6337127101502045,2.3687074873000262
4.068357492584408,0.4574203381251285,5.554947346067405,6.772124743965274,1.3976362308690657
4.190514895351931,8.715368061523762,7.235277719032127,7.528170767109794,1.421386065529391
8.711468146442872,9.734889691773969,7.301791356009631,9.705604062668368,2.7266959593441635
10.765323119430924,9.688778552856915,9.32281804761335,9.381597165711558,3.1451580081864314
10.645037091181408,7.496518317429247,7.733241100938942,5.5128398129179494,3.21868521148296
9.358506550291487,1.3008624013063197,6.902002744852048,6.963653716357081,2.9425088450221297
7.704379753851454,7.582631959290226,9.884001642553297,7.766855948748859,2.332182328190925
1.009679579940586,0.2458691645880151,5.553602966631578,7.5156623627577,0.6906104157527753
1.9395445691353652,0.22123551528997254,7.112742141559723,5.969315339684464,0.9708015949761108
10.782650262324951,3.2361021914954122,5.210123375857027,9.294083855840773,3.4729899691227146
7.277148715915079,4.886431904046658,8.699520603834651,8.384703914984186,2.538823019572191
0.11036461939955577,7.704074178077932,9.590382760995753,9.189541874259017,0.04790567691597031
1.2176585143923853,6.832953766065052,6.400186647752447,9.293821396747362,0.4236498660144628
7.96202122929667,4.459027063767484,9.291708383995605,8.741779268328699,2.5656550156006266
0.06073900615462424,2.736266662816659,6.461091152309489,7.196053006248587,0.2814083687055543
1.9296966170099839,9.971245001577111,9.553850808219575,8.052733775077122,0.48034673502413977
6.584805472399033,4.261813022359729,8.76980951798392,5.801827030598716,2.1623509906017238
8.30274237231232,4.513870243296755,9.024533884207193,8.368227087374539,2.665129199528858
7.823535114031206,1.6362382119166918,5.090032778002272,5.8962662786964035,2.465248623613527
2.6912317135267174,7.948095487499294,9.814051785370129,8.469747952550783,0.8099647396830505
8.54615065617043,6.936822257814886,8.633354960351616,6.147990803769844,2.617004083960385
2.846989049961601,2.207696127887604,6.523755476930667,5.5877565007511,0.9437119085941001
3.9047963779112127,0.823810456158427,9.146973324294235,5.826422450714787,1.3302483905654428
8.95789686141629,6.804993020747131,6.40760599207465,5.009960676095352,2.5471194073875303
7.795594788566576,6.545112142811353,9.363769197830639,8.59369808926765,2.411422829429405
10.190680925930135,2.7325952699820935,5.562901952059685,8.662005245291896,3.320574514279936
7.891354707604121,9.508635622504103,8.518429887303979,7.574666749566298,2.4919746311560314
6.819703240025659,1.5105789178090023,7.703492383224551,5.806814005276919,2.3703820261172477
1.1240972139371097,4.323348010426019,5.482672350977204,5.417771687553449,0.32106176365983186
4.412589636713202,9.436159201675988,6.2094691412941945,5.095644832186435,1.0519689309301612
3.1824284121807054,4.197273169261223,5.062020181386574,5.828740884826104,0.9448648651911504
2.927875720549003,6.385259476640855,7.34383982732253,9.454277674915733,1.1590997423326581
11.676126657029346,3.9759439796279428,6.506326303800002,6.207684208508409,3.504040798127407
4.717172696001125,2.7421520234867005,7.9917874214887945,6.771356636086079,1.6780442076260023
10.70455866212536,9.839776479598282,6.4861890385430865,5.526727422406666,2.9193787746576936
7.573663511967155,4.09334006315043,6.499595557534923,6.111806523740851,2.267432050432625
9.537735642499781,8.940992036791345,8.715965993658017,7.596122853901026,3.014271090910367
6.031645117262306,2.299546058910862,5.240714179891767,8.038763415478263,2.0945162322331488
6.92284661551631,2.131047040250833,9.514474975959935,6.226761570831055,2.170301632642351
5.910212325826366,0.3113408288451136,9.261319371955906,5.288660796125586,1.9574966563056542
2.342915853576534,6.5166682537588505,8.339023416132033,6.955164345636993,0.7770413433850176
8.669425383138064,3.6852634372376114,7.966107850536922,6.17101685463167,2.816564443079539
3.3692683492902695,8.64358249839637,9.461512490698262,6.09776961614901,0.7786013798672622
0.29179159717744607,4.732099066915572,5.926650897643572,9.799314013567276,0.25093252580745534
7.745667550886013,9.681934279147217,5.394845810954143,8.081502429628621,2.239603551308443
2.1253281528845873,1.8552551570312115,6.1975508495476905,7.784392215860479,0.9448356880138156
11.285503012234972,8.686231679556109,8.972891393500952,7.078875517616609,3.5513393196926866
11.447142924031048,7.765968527917417,5.173351333632416,7.144721667150721,3.445844450813444
10.978372682645382,7.70921844644052,7.914034175417449,7.704525019190404,3.508050882471589
4.441904403065333,8.447832281168877,9.97718758095655,8.482149035180537,1.310179706861156
0.18547939834640914,7.610239909429989,9.278480469187697,8.510730480909148,0.0751318240324233
11.139822751052705,6.262203216314154,7.607228445217947,5.858469538527248,3.428836664500104
5.138209779807772,1.3124487768238757,5.318204546433211,7.500563760383135,1.8758404951011378
11.599857828524035,0.32526179491251916,9.156867571928549,7.05979047517051,3.863694258811585
11.563439725071035,9.208478478156868,7.9948925408860525,9.352634831346922,3.608607993613467
10.236113465608321,6.166503145207381,5.574664985297834,8.157094606091881,3.1625088824221272
3.5333867048350283,7.965372909761763,5.469286424116781,7.662520332079909,1.0617473659624201
4.621172743223103,4.815223515125501,9.548134097182963,5.576973210894587,1.3455906472106558
10.213640058202284,1.1730818896239448,8.346001314690392,8.028189446617057,3.605437922979488
3.803064061875332,1.2518579220255044,9.146433996583777,5.586019528401167,1.2783263224613244
2.03391296023311,6.855652872289713,9.394894501411336,6.68603287782876,0.4673912444554473
6.681615149500201,4.303058948994627,7.858861760241611,5.714209824071659,2.1893315974003293
11.233857289929372,2.005247267003367,7.587231758775206,8.460368235121845,3.869894823628643
8.352357560099676,4.915945467414369,7.152137051604951,6.031260569180763,2.6599099946591847
6.84073404107238,0.6420893707513409,6.584732938955597,6.95929686594013,2.220115743784147
1.1661179252492224,5.819714019143988,7.172979804293559,9.478373888093893,0.6588496766175675
7.380086720390037,2.6899340443509767,8.869398278650781,6.021581916994851,2.4795293138994623
11.88064620125116,7.975591006371881,8.009617155075658,7.539025319793895,3.7654143100567543
1.6810081828382883,3.1036195892357377,9.46261644977423,7.09635830583011,0.7491214753896998
6.21995582836484,4.552201490818012,7.216900071895939,5.090620205228649,2.0383766739685516
10.528476863135465,0.11620539908100636,8.03544789359377,8.963790567864063,3.752732788986589
8.889223413050454,0.7244688779455888,8.156537765459944,5.345229531572999,3.0305435800178566
8.364188891943215,3.924935564066848,7.958485811531627,7.371275104884768,2.913009889379622
8.42980900784531,4.799388347171235,8.51316886542758,7.80339147469475,2.8889732849950316
4.313893814637062,6.000205481193037,6.187167341874032,8.142132283072936,1.394157870331467
3.5231021311739203,2.9166257870930323,7.561818887728953,8.443158146539378,1.5110993499975245
9.712333865742163,6.949818861265426,5.521124014041739,6.266361917613575,2.7662092166593775
9.721360736150169,8.601223971892045,6.922556638224062,5.049893883292247,2.686347022250448
10.404867822961243,7.7985098889334985,7.438335343106322,8.61721831177456,3.3315348524416986
10.958886630677656,0.39618825348357145,8.261121297727362,7.678282996737893,3.8678565765291184
6.136108786331254,4.805069472578289,9.752655262931018,9.180588516036245,2.000579162270462
6.018195536246395,1.0493017841817487,8.00325533274178,9.106941814503472,2.3529935716648316
9.579542147601302,2.4204501586252745,8.717969580882798,9.216630838939416,3.352840136349127
7.799567169333182,9.866625932671464,7.531330297476014,7.425473299897701,2.4465388541663815
8.42360252709244,1.4249554290151323,8.170520156881658,6.668141979184329,2.8558329866769756
9.549512033233214,4.988881534513561,5.354661080668867,8.95779101295685,3.015409533244286
10.680064101810796,6.181557343181191,6.271957904209235,7.256470565146275,3.2949413633841793
4.05594188221843,7.024649705441039,6.8092654660256935,5.917210982017172,1.0655500793934771
4.506995431679329,5.5964868348691414,7.362466775032567,9.274870097807373,1.6722742877603414
1.127783278090428,0.09770847419183659,5.228243727511918,9.412799383861737,0.7334495597175366
6.939361691954088,3.2646130824399187,5.700120487766588,7.33154878070085,2.3185778534642303
0.43130728556090503,5.1771164338471145,6.384071538956529,5.378498636548938,0.07053636397591584
5.587176217589522,0.8786649914483335,9.857663454505253,6.939130449584656,1.83221961570444
6.5117356164909195,3.5062693120918076,6.656735035515254,9.017688297313017,2.1782072193426854
3.438495025539413,0.33203108791366565,7.4102052905604125,9.508870142731144,1.6149469532661405
7.089999126828129,0.7857849715502074,5.9804885636919645,6.017363712487979,2.2877104894709284
0.36600299926859314,3.9692327620159604,8.053900355378842,5.334868060126357,0.3113392616797799
0.448178264990573,1.3271575404306035,6.403416077579871,9.386752265664192,0.4680956024756417
9.871206727915899,5.675408482615581,6.034962892192134,6.947024694894377,2.8775915942439907
4.322287696935154,6.894649691372657,7.582863142229895,7.708804821337816,1.5519538245119135
1.5247261518226174,8.005866991090828,5.027528995802104,9.840329060253794,0.457124495992244
6.266919120657652,2.0015024424481007,5.0383201632461265,5.332823639571115,1.980000614074891
9.23992263718333,1.6748258225906976,6.095344045509289,8.241590037260478,3.088235500025464
2.589852329962118,1.0456784033440025,5.183606812504106,5.370527112874336,0.9246717788214354
7.4746857098280035,6.364302495436367,5.540128770653457,6.877344642332502,2.1241905881765826
1.024169579925216,7.064757264869011,6.694303246693758,9.019072725967234,0.3540130107341142
0.6201806540232924,0.3158614482564204,9.012928397899064,7.167361163778172,0.5702611237941666
6.376255578817776,9.362122462436899,7.860243216846504,9.985911769514752,2.044770550523488
6.487621459321279,0.5197128365147241,7.563338629782082,7.795296424733011,2.520300795970648
7.649158817978479,5.412963353010705,6.467444116040609,6.605810763179767,2.224099477743008
8.71309600467194,7.090605194509164,9.658768597164082,6.100556629523766,2.4593985416761237
11.710224953550416,8.709691237460856,6.985075206185958,6.752602671430809,3.2775829241920817
6.195604179614344,7.140869321324278,5.435463833978858,6.862666368797754,1.7016377878180895
3.8754776752949516,8.017280830697919,8.085332580589007,5.343568388619805,1.1617792610535898
9.542234337224444,3.3945019254280604,5.5691919673830075,6.847870997133866,2.8929452048959305
3.2499870151448906,8.148251137465122,6.72611571400846,7.321192598696125,0.9675835476702113
5.267657048467633,0.8011484638467514,7.537059693589044,8.613688761194023,2.1402396913479524
0.9414765761071915,8.948166560605276,9.37111262342588,8.28364742360804,0.23503464480189368
0.3042089209854901,5.475923761537363,7.467732901700593,8.54382827614577,0.4174664882187788
11.5517809761351,8.172977699624937,8.511293830158321,5.041818409384286,3.4568854078592834
10.03176144614647,4.523182845183001,9.964084194995351,6.0883369979026805,2.9833692915847907
8.351690473124375,6.4357769519652495,5.657445599489908,8.308421441999283,2.58371829433905
4.907435332971239,5.264026609361132,6.373657627597598,7.419946840898736,1.609029269423315
2.0795318408501493,7.315895217553319,6.972880377988232,5.0265673783417295,0.458064791377379
1.8772445120530326,0.8162998203058958,7.109140892694157,9.022473212159111,1.1223583626006148
3.002914777975144,0.603520839905638,7.055105376327729,8.864047866451687,1.4706983913972613
6.590719976473446,2.4710323401014644,9.538055012782774,7.742095814967813,2.253664375936961
8.575151072400748,1.5954468011318834,8.570163222334282,5.332316628881361,2.8927729816636307
7.922368520612775,8.717835665922017,8.039526070453519,8.832575247662923,2.5408187728877323
3.359206763351314,2.192139873580443,6.546863589313911,7.918567938656819,1.2981550353263722
11.45838336795833,9.758652558191313,9.118951921106474,8.909799885789795,3.3495823824779336
8.854763000349223,3.3689579177110685,9.775302557424943,8.758734961979203,2.8879810042192138
6.652248630136809,1.8211791568869928,9.105991412751132,9.015010359789185,2.304615631196693
7.340648954812227,7.896985071424791,5.007825525957364,7.590040332023124,2.2073454328724287
5.0352007491334785,6.587077755008761,8.182006850917034,5.701622590967575,1.5812063369896054
2.9727718740138895,4.98195716453139,5.255676907210503,8.355787366898443,1.0427337039775972
4.271672143815139,5.553635509376313,6.2880361016686095,8.102368925259853,1.403819867675726
9.09415332557243,7.192017782722639,5.297623501738858,8.711265935995435,2.7686451085355968
0.17272186355707042,2.2845474133129873,8.018977264746939,5.849405030253677,0.33758918840147173
1.3928716860829948,9.963339160567418,8.432949567463034,5.974875999501446,0.31969454779652745
0.552031704261033,9.747931621467831,5.5724381903295255,9.452047586096644,0.07821293020491843
0.48874562782764164,6.503256863469369,6.919194415224897,8.749888992260354,0.22146084517482423
10.265527008132086,1.9954245092914513,7.28118254477771,9.541142443501615,3.5798868769750536
8.443894312560284,6.802282424312914,6.845265108804583,8.793576605819604,2.5930541725524394
5.690085949047902,0.7219840897917584,5.605125002425965,7.98577652995151,2.070926580224783
1.1740099278120177,0.30652502205806065,7.094738950937377,8.270663685139368,0.9368767272407021
5.899390501401989,2.576828885112137,8.75589023904209,9.44563961970005,2.24097570616499
5.681661249366789,4.626229567393163,5.355038322666277,7.894033772559703,1.8731868964403784
2.078422438920182,8.682725054083805,5.400900070409517,8.161956621641938,0.5893904789718643
5.206219790855677,7.271690697663081,6.773856459179921,5.782383580018003,1.398281402373549
4.782056812768481,7.42706521199981,9.708628558094626,7.369606100580514,1.4632637832305537
7.390201176626597,4.2549333444807536,8.34286323361457,8.581985559790494,2.604313685763942
7.621123810411726,3.4593499254696294,8.393349783362824,6.354713491581827,2.5133696468500366
0.5436481172645342,3.7103876298460268,6.809599954189325,6.011270902622675,0.177575053687059
4.495351375517655,9.876495637360579,7.968303956042693,6.569134041122078,1.2547806307872673
7.510318988570837,0.4010919141248248,5.050655920138717,6.207503139964167,2.4330411008650095
6.037635102961053,8.670314961224486,8.18048023204771,6.0745631851819795,1.7777747828270913
10.277878094259867,5.786754085723934,9.566434737881185,7.124254214340435,3.1940257239917638
7.90432357942734,4.386154191895905,8.062867341724097,9.53919256941767,2.751989364233407
1.9552131249771563,7.252576604151365,9.368492967331726,7.535298233693592,0.6239351072855788
0.8468249688051581,4.866689414247029,8.619865277330469,5.939601904076615,0.4107130199291963
7.709031338475787,8.734232380816605,5.602792082018452,5.3848583469043705,2.0759977825019056
0.31813572649946176,9.007018640112586,9.512266536429209,8.480780725689627,0.04508978594420909
7.02930697528156,4.217209268734554,5.332219221778875,6.913993822181939,2.09793162914774
11.282762897099492,2.768277972350516,7.669837362738819,9.109154732926797,3.846414970512322
6.9056901345105475,5.923503285933622,5.710685618967288,8.29755384320385,2.1755318760564832
4.658039114478263,9.12363345616691,5.0585330536545206,8.981207252706842,1.3412300615351331
7.719458621308238,2.106621890056666,7.110171300638195,6.359730197092244,2.6105064918896383
5.4990346858981995,6.229665835634828,6.475203538270781,8.46179461230529,1.7382271139877183
6.547401471791219,6.3156022009252055,7.430002468988015,6.320309923468594,2.0484403314911055
11.297577705318302,7.33113022415281,7.885999433672755,9.695342397251459,3.62271680038785
4.6332316536092915,1.315676851272598,5.218695361544737,8.181871407666872,1.7241856535191575
11.534286765886971,7.158249646820885,5.615016475618728,6.622559000876711,3.302373547425047
10.864207703472765,9.09032520665641,7.793211982252126,6.347559311461364,3.204746050709009
2.3494936174715573,1.7968310887024197,6.715836765863291,5.954632925358218,0.8150065308063463
0.8323356105019855,2.3754332492387764,8.64586743774724,8.47320479446864,0.7309290206886567
1.2093360165291198,9.713950940416396,8.261458242959698,6.093578064989637,0.2771032579379163
0.21866190781859673,1.8097695270948977,9.228021814949534,7.9765163296374455,0.37511009599083406
1.1333155290711407,8.543850933695792,8.462464133346126,6.323175134626787,0.3128021120365526
8.196081280996282,4.922778564480348,7.149655386950741,8.309844723969343,2.8126854560748673
0.8542637815227478,2.4723107440317706,8.364833111972162,9.074698642702696,0.732663597255236
3.8277075635251356,8.707499012725114,6.376905871277092,8.890126215723265,1.112937318421285
10.138503731633454,4.453052550026655,6.531567493891064,8.804256654653908,3.2188984919887034
0.2792632288299104,5.148173539296902,8.944925799603967,5.93861202846126,0.22637029168412803
9.77362179106723,3.5923336939976567,7.232097582007911,5.441924734922593,3.1524698526202863
3.382257297280799,5.9295085143492745,8.991901702591763,8.494744142436929,1.318201763466776
1.417977931459875,1.6352387258502277,9.112111868341392,6.841736068971756,0.5436314431454511
8.360845984369808,3.910815366517607,9.28781168830642,7.161731132016737,2.712713026985062
7.547314161358608,9.694123223352875,9.583176179206037,5.155745463966955,1.9794880872399387
10.529664162324636,2.5813343270112754,7.154926102566481,6.297882246375246,3.4298325323468273
8.820852525646629,6.567366645412922,6.594334091605694,5.16838201937232,2.5178874254233428
9.641771164618183,3.251900642246949,7.910993732970569,9.395928863006239,3.329936317273108
3.384414870855678,7.734731256866007,6.855862117188138,6.216983416092653,0.828587898413403
2.129274525356674,1.3087366071834983,8.005370834001164,7.786685847865041,1.1733455272478273
9.0073770196903,9.698210450785448,8.527929313219122,5.1948966033056525,2.6173025833678176
9.682016871207168,4.5378954138363925,8.442025092460685,8.33423695652829,3.2777102906703313
11.88606170400808,2.3605046334646396,6.872764435100606,6.615136728770469,3.647793279529192
4.951412122937118,0.7349674733001266,5.834301008493764,9.48959593478833,1.848675263216129
4.464217029513398,1.6975790508754074,7.152646692311038,9.440590944670179,1.8543861563102488
9.316955528903963,5.197739485560176,5.712970720409544,6.626453091808739,2.73519968439318
4.089642483036214,3.3700317643128628,9.450485175919042,9.504804478452339,1.458391156695221
11.169087907242776,8.288833658826094,6.729387303689287,9.980788367493894,3.3362846892315283
10.300953022116142,4.308875236618059,5.772298736116619,9.127078320619741,3.27484214480394
5.14792832850022,2.487142725876299,5.1272387995287545,9.224356738776144,1.820021362256251
9.010452813497968,6.171449866040301,8.22911193143242,6.24504368054545,2.7945633507473757
9.054514489016189,7.067772168854458,8.184511587273716,7.8835119942887815,2.9629657382621337
1.2374864260311913,1.6704190790094986,6.703020832906459,5.336279569836839,0.4877249738588824
10.8306348801548,1.6761921628831766,5.358559444238255,5.474589684108349,3.3653808559022815
6.063028469374286,0.3667142693354297,7.04814447447616,9.994463060166453,2.4005728273455147
9.917489593292899,7.364020150656405,6.556087475316968,6.633196247129555,2.8070458704550494
3.840595212367341,6.638045276218051,8.385603198675046,8.740919560244231,1.4202762998992997
10.746278741954406,4.746308757498139,8.028896247263452,9.033325265134081,3.586568184711415
4.670420144809958,8.441704489691972,6.8229686409877,9.290116355036146,1.3790408189583887
0.13005181776358032,8.056701529500533,6.089462771274951,9.988141487010783,0.036180468854047465
10.864583717031163,5.853543643967521,9.940179830777959,6.207482426284339,3.1666979329109726
1.0954401214336027,8.682712805132587,7.270008105980574,5.201754134298499,0.2944963961734516
3.8317636510849784,2.0584121003676827,8.441371178901186,7.05595758997293,1.6466084903071094
11.400743604609659,1.1191961939772788,5.702764837891804,5.650403349144735,3.5642632716840335
11.407285763250673,2.697496115169896,7.427948498296989,5.112129445810275,3.687310923216707
6.881254657479433,0.5708685608931485,5.137683599347327,6.802134135707431,2.2358329691991723
7.582046546037591,5.31169528001032,7.52727558955225,8.918691255376181,2.6090291998107613
5.381346263739838,9.366056922949614,9.82008703558851,7.8309034561253545,1.5461010329744704
3.5185292603767744,0.39343540668509647,6.921033564929001,6.56388994605177,1.2358870077787776
3.9439745444389915,1.221099140100268,5.194980062874558,8.271710027463598,1.522137406326684
8.07022147292446,4.521990282834353,5.1547789545967175,6.160090901544054,2.3949669277356205
9.02849435325216,9.33875017527905,6.939933799734348,5.071907230360425,2.4416107972116956
9.498948524710183,3.161561049767505,5.80012468231597,8.821766932182136,3.09160650492468
9.475417713534647,5.072348086883924,5.116760481640929,8.118715424320046,2.989007909716198
1.0944732365842844,0.41572859050392097,8.781068069750884,8.811513122504799,0.9075555414500893
5.933043656430978,1.4834320096208886,7.2926150444094535,5.194690083438328,2.105741496448249
0.6907051201997314,9.86630122958847,6.446223859863273,9.18559813915326,0.11389647458049607
6.594346587884827,9.651186964360456,9.500415915082403,8.097631000181517,1.8957446281474253
5.298366016480524,0.04939980934409616,5.580694801002628,7.816976753563201,1.9870398144769525
10.652450193099597,9.51811785423239,9.779594144776595,8.123070240572659,3.1198291652182597
4.210980150624945,6.391199378155004,6.569833586886764,9.322166234341822,1.3437340762797332
1.4048041971312704,8.679182945200221,9.442018361543406,7.934682532794535,0.38748211187936993
1.7159001846340303,4.547398556338591,8.014714382397308,7.904751899440896,0.8874001275732797
9.138127580609666,5.155960285792503,9.133536798707437,9.95339578532883,2.8836402598932747
7.418616759795133,4.888465802569202,9.920065816052322,8.78365083534284,2.38116173781008
1.213472113473483,6.668642575461043,6.442027189093729,7.211469027255676,0.4306095052689927
1.0092816733799692,1.396512547563129,9.805677427037965,8.536985000164638,0.6329588746358343
8.41162957750944,0.2997358987267795,6.947409474512102,6.946152358458942,2.7085020783164935
0.8731560763703223,3.079299415911909,6.927559523684612,6.144377312417495,0.30798185211550133
9.862320711484275,7.0468076273664675,6.701935521272528,7.984259384438797,3.006355832076959
8.474906725877954,2.0185345212294834,7.707038036737925,9.640910490569757,3.041545291701912
0.9761853677027972,6.734324333249173,5.770725215892435,9.645697600077312,0.3561393936483806
1.018052569022303,9.699120461072704,7.768557426790056,6.709526390527452,0.22045974765305565
11.839674942014106,0.9390071578941839,7.70852406205002,7.638387331108475,4.0
4.491249549073444,6.726021182251262,8.80950906302435,6.058179492849306,1.41107380560947
4.447705764802691,4.437502193045711,9.168249809687929,9.978155547494417,1.512436619788522
9.753594807090032,8.681422543775053,7.20220675156212,9.90558953933968,3.092007314938257
11.366982928606305,1.771497894473859,6.511666246757469,8.247544648537236,3.7215199838581987
11.83201276587445,6.926259522261645,6.296674486585472,9.022070298387366,3.603290853649253
9.0405382231073,8.381152896481103,5.97311918352436,8.5755008064185,2.693103822108135
4.515115026370989,9.446142194740233,5.288237910995124,7.965791095197341,1.2822273981742849
1.0020086003840252,6.832480282896459,6.712239894173567,5.266739984944488,0.15897856597038468
9.325762991129242,4.971747640084273,6.351238460653916,7.273821712763305,2.949141515334559
6.700850996829661,6.178472402012138,9.832086929332036,8.373931510837053,2.1013316789482914
5.090664110963715,8.689049844787181,7.7885441312502195,8.387658069418423,1.6927467410497552
10.876252621136832,5.706097466388297,6.736385195152538,6.865613092111918,3.1775709130216345
1.334369787673816,0.3038705969683686,7.90233800496848,9.708459933290154,0.9851174064537265
5.91150125149031,9.309486955069778,5.695983506728478,5.836785161183905,1.507976027693604
0.13624373720902883,6.895267510315612,7.220218746011015,7.501797231077803,0.29610974564692805
5.623927703929516,6.765133857772465,8.131171607105319,8.454419882754113,1.9489216182902314
0.6756393081820482,2.1567515239771717,7.4444891589622575,8.485679029459046,0.6948542162557559
1.425814995216863,6.5888547023265716,7.008894003271621,8.243194783844078,0.6983017634487303
1.4103149613252586,3.938644056541585,9.969241944498492,6.376441067259301,0.4261622855704985
7.790523625392763,6.512329770414921,9.401573810744635,5.78103284343311,2.2115405990970824
8.952538551185079,1.0659303030799072,8.1170297907972,8.179701634133554,3.2324650502015286
7.000425181165916,6.5784530460303605,7.846886805911414,7.996510580697189,2.371204902048257
11.546070581694503,9.994137257706665,8.10330239912292,5.896780051446205,3.3641143116230174
4.498446954284448,0.4821203886055603,6.006560539112167,8.525695727852817,1.7254280668550563
3.428545035382329,9.771741842213173,6.975688716321593,7.275859958668282,0.9399764185040402
10.423189538273522,4.069079607228706,5.197297664454497,8.338802958015766,3.3235028811206213
2.6831500622334317,8.707534503372592,7.377730187434134,9.186835398850754,0.9695682935013998
11.558670473287336,7.823854840582735,7.715122919788316,5.848642142884616,3.476408399957064
0.1458536962777961,5.6701626098666775,6.1387486805160485,5.095724339984184,0.0
11.63854592049167,7.384492092513265,9.82014423582757,8.895512931978935,3.5223391715218373
0.5179189434069134,8.78515561301348,9.54727305468621,8.04848712576308,0.11611790237140002
10.693717364376853,4.0414032165103295,8.61071617727953,8.498197848110609,3.60604504848754
6.332413309035598,3.270331615632387,7.666933143826813,9.190774874943212,2.3362074119290606
11.915577553431604,6.675933855635847,9.349845798238425,9.014054674122502,3.640876573247689
0.8855587768247863,8.078459419412585,5.653261719117315,9.804600734644122,0.2617446620768066
6.646251412815849,7.622851347766158,8.952548971374425,7.679675394260591,2.212732856456447
11.631630427429187,7.978136488586345,5.6241040698342415,7.442478163299526,3.490582303799439
6.277174130041786,4.35583314812933,8.971053312747028,7.00943599945365,2.2653605816060693
7.55278365762315,8.178342161750216,6.378837841256785,5.768455214221023,2.0569179891994342
8.348984267815407,1.2020905537060844,9.385452905090943,7.863036164410112,2.844590752659318
5.454492777213279,5.444890979608496,9.72021046912699,6.385062621629894,1.5641032841835587
7.530696961008761,0.057586604981215705,5.743979847025578,9.606537561064878,2.656329758053568
7.011771743077203,3.2458582990027027,7.313378025326967,7.915954021385488,2.541238607973026
10.813896125891867,3.664615348713979,9.904936890813426,7.964200902540551,3.4609380703318613
0.5453565640974944,3.961726916092554,7.4170371798657335,6.774623304385051,0.3655206234246206
3.371558275106764,6.954672066898622,9.317737612572726,5.259946759888537,0.8637338791870981
11.404937808918705,3.885581012703457,7.943657610656599,5.158718826864943,3.627202292040439
10.683165406690996,4.486936226225307,6.876649539598009,7.116675720765988,3.3806028106960335
5.467881033428555,2.375441308743275,6.428917777629351,5.422826890486189,1.7215922445914027
7.441591173618441,3.732517916293401,6.016115455430437,8.034234777700696,2.445851456270862
3.328574195773592,2.2726962726315145,8.808990956888486,9.404865028198287,1.4849374451005017
2.2574539166851357,0.7319592376844364,6.93270253411514,9.41457408259361,1.040638213121319
5.564380859279786,6.034485933813779,7.5563773110037555,8.295227050661161,1.9675899610932466
4.240226736312634,6.682127985550163,7.461627400005909,6.056159157364656,1.337961621616282
7.003873342210465,6.194903460096145,7.886395146165656,9.31498415679436,2.3914168296583327
0.932815643579818,4.6349404380057235,9.327885728122762,9.43046717656604,0.44809767117365934
11.692737691993997,3.797857801792298,9.903696717917146,5.983267924764793,3.5179284175085845
11.834528933755234,8.633336495718252,7.037921042869085,8.687130428853386,3.7186918553406576
8.37794056823694,5.190817851362181,9.137594610531515,6.432597744635615,2.4538412779029732
6.433156396129444,4.79181877629731,8.822638973273587,9.01320156176465,2.290355980023968
3.714331395435933,0.2564206580643569,7.8676447572778665,9.986189499518012,1.701478385727562
9.765540236483384,3.4124782762615635,9.780235718059664,5.1501300266469645,2.959038157131937
8.21677407064655,3.8019561878585706,6.002372577642014,9.48682932895466,2.674934411801037
1.9514032721386956,3.988227808969005,5.546321051548107,8.11315266799329,0.7860095911931584
10.93112621392611,5.801723692273323,9.26980983477711,9.866913095824106,3.3892516795641665
9.870446915078027,5.336025467268785,7.195749083168741,7.325047587632138,3.2943328011599693
11.397598959503089,6.079050927934446,9.234844271035303,9.236939652856869,3.5153271414542044
8.70863410066032,7.6488326154212825,9.465451025977075,5.311970342991386,2.4301485994270315
7.360982351229478,8.129857387160936,5.312287968095357,6.6763952503914785,2.0018018360107965
5.0189164354874265,7.181230762264944,9.417323814930302,5.335082688756049,1.3466133925329808
11.19274180024816,9.555236959549347,7.241595276847111,9.876715667395352,3.4800606920969805
10.3927666740049,0.1823258267636163,7.552162445021161,9.084869536359184,3.7087137108632895
0.5426240412742729,1.957779856835461,8.132962555466051,9.262737106229853,0.6648982195405089
0.31640369396702406,0.0756287497814212,9.631913033650434,9.68982615716947,0.49113967070103604
4.517560402536596,6.47474714154603,5.0955804721488205,5.425517430598926,1.2315307636836772
9.726639969381996,8.98030548949987,7.3842173415890855,6.927987962566666,2.868976716339605
11.847313551779333,2.4348229657629927,8.438610212152803,5.355174445220011,3.83245291724565
1.8050026932423382,9.270345447963066,8.613534788491142,6.053965507750143,0.47798353557454815
7.129568584225622,0.6026739028956085,8.46266215768554,6.146828885188362,2.508736880122906
4.570690279572258,9.344360268055143,5.672175647040609,7.345536055237893,1.3039890704689203
11.638972773775238,3.516226872396344,6.496977941858406,6.342810837268213,3.515880488512754
10.105427077628505,1.0142082844921652,6.793577627085067,5.504890534088806,3.180917709063943
10.059944456533653,4.858717591863257,9.022186038397525,5.837455445470539,2.9750474573669328
5.624317917539644,2.567765677205079,6.393799362072765,5.736377817760455,1.7589070914016391
4.977834028051982,2.8487290196192285,6.053524819336015,9.865383989561492,1.750913757434633
3.280884863168475,3.0728996492628657,9.78724009519048,8.796462534592369,1.2306204764873991
0.6765059598111254,8.030258978326634,5.044316425567344,9.83880732634781,0.20143883902700604
10.376668515060638,5.391612766752544,9.98910427840989,7.198702432539543,3.243419916180564
9.75481210956093,3.1130769915600363,8.384106494286979,6.391842408313283,3.170789783290277
11.996612079433568,6.103337833109183,9.142346497245585,8.991465986045934,3.693816732174611
11.959642044886865,7.161506742231936,6.473096981730966,6.631269590205734,3.4298172763544628
6.665180467231529,2.7262400073353374,5.0715763883353,6.496916868526741,2.063242139802692
9.227848982166126,4.135491015253515,8.68934759280765,6.162529961039156,2.9615801438871623
11.337188758589136,1.2188609333694755,9.17072298500338,5.6483948911211765,3.5402135809082664
10.195768688128938,1.8114934953468032,8.702380659767595,6.28231530508383,3.3681559316713416
2.968177220918372,6.811178539649828,5.714251436504193,6.776598742369439,0.7498942392930203
5.406529623721122,1.8143834769562694,8.767139611284845,8.369971040728652,2.1312397132685232
1.5499129818179398,5.251633836670601,8.844613910538204,5.312824211097258,0.602392202711852
11.44861232710467,7.090462617224327,8.292702578350275,6.052534698326715,3.4800605672701845
7.2740956134105605,1.0687692309474384,8.83057966397793,9.045118201458383,2.728790222475797
2.7437136660415526,5.673122196289036,9.22960719838866,5.734609617918854,0.739457989998014
8.06040821287028,2.5656278370136376,8.068020571187292,6.7132257326126075,2.6898410720104025
7.41753888549475,9.629268752375799,5.443023569848395,9.3232946092907,2.1437982280296355
4.297952616394086,4.835456467199247,7.438139048336055,5.774626555717213,1.4476129615582636
1.3626911063955482,8.059925497751582,5.388246673358025,5.41368417809095,0.20581105703108532
8.058878347113595,5.502265421562617,7.037715155162154,7.422689975400054,2.742550233055948
6.24369241084552,0.43412532854819164,7.035532445628139,6.512097556392682,2.2514014568262466
9.267820700827672,6.3315137559402235,5.330049220701208,7.81704182241927,2.8637705224512904
6.241962013343921,9.51403342206657,6.744102669847397,9.019024452417376,1.7968869328998476
10.226178003822481,6.016118201463312,5.554990493956574,5.685742440763716,2.9670474910735782
6.622882065293826,8.191888594267901,9.041176050046111,7.9034954227714245,1.9772701898747527
6.731255658424635,8.842064633484078,9.738440129822354,7.527543801949319,1.9772734658531865
10.51984323190014,2.2807977194893247,5.361582376289693,5.720393930065998,3.2419130835955756
4.8417943945487645,2.1204483990822665,9.775576036458506,8.119992427644913,1.746515898410516
1.6081827414076888,6.1098098885099175,7.612882996683726,6.368202089303859,0.5769643279968106
0.3453921157600677,4.110284698067047,6.497828389769369,7.439171592720062,0.29810339982466805
9.061647068083428,8.398613028667203,5.384310376380817,5.41136162138531,2.498563468991668
7.443714616241576,9.000231233980111,7.503121340352089,7.297920286068115,2.3831028231734677
8.448957217190683,3.534213793027181,8.972577722453742,6.532317340214101,2.757976475505846
2.555569938106929,2.3687055897448204,8.53543238633349,9.111906055926772,1.2482357019448376
1.6364577070412372,7.805255152438618,5.251130057319869,5.284893634986841,0.3006745544904403
0.17453598801458314,2.748060355481361,5.364509176839517,7.09303637459165,0.3149577786303068
4.207050705679164,8.226143185136785,7.014366413163185,7.2921571206571905,1.4508080524469098
7.079012242255597,4.237382536487628,6.476452470239717,8.625030381495593,2.311834545852298
4.706928541196788,6.675498992914704,6.161921615280239,7.871437875451055,1.4783036127133014
5.249699064284749,0.9553531383466818,6.405022494543568,8.336061685970906,1.9271420623680904
10.84990433392498,6.23859324676573,9.017413716484423,8.885246428258782,3.3430416378392076
4.179065604279604,4.517676787372292,9.64614026815927,9.311014868290943,1.4278358419152666
6.167873869917729,5.866084631754741,7.025513472637832,6.569377483612353,1.9570579293875816
9.403836152893717,1.6801420774486342,9.530555010662486,7.690113526819514,3.1371437419956836
4.758513387855242,7.368737449441821,6.60747850623941,9.200540392196,1.4591171438844814
7.465040402734482,8.627970775432285,7.3821849317189585,9.947255654825282,2.4081135820487307
10.348364504960943,2.1673980009077565,6.130144989079999,9.447596555218816,3.396139451442895
11.394247483891705,0.9571455552016173,8.20238021087922,6.857336313121884,3.770416967407431
1.7648817711484552,0.23638586046336396,9.894905575874045,5.975832586093252,0.7176452383213685
11.119051501937932,6.4197150044326605,8.017465480216893,7.4469626870329435,3.6147297003597467
5.905395516954458,6.070940360887808,6.789070420567745,8.708207259180211,1.868071637041947
3.0989326595875,5.4669741271407,8.239087229952641,7.462845353766488,1.256331091519215
5.509629074859136,2.3194709611597544,5.614603392326938,7.4159043165683425,1.936915174399753
11.760390903425725,3.9090599590551465,9.443295401326992,9.191152105409003,3.73266427307496
5.911417127914435,5.944763351861731,7.515419753899182,6.807018895335932,1.8761869707812437
3.9450193234500985,4.967668588591694,7.24674871019821,9.298973374058228,1.5351223676054446
7.600810251800709,9.877855202148872,7.929323942267596,7.034024004758618,2.3863503154327694
2.881747425338317,1.3643975255673313,8.123919313947013,6.6411655283916975,1.1963043513231284
0.910359937303967,6.951445540475937,5.358879031132565,7.269949555998495,0.32553570416739336
1.5465566629277907,4.043187681042921,8.413086106117012,8.812234793374342,0.8618076148261911
1.5365500674932693,4.281996149256147,6.209658401577648,5.630010139319971,0.4468652127851735
1.8228323221475322,7.175977656581763,8.569763162532949,5.982096079360087,0.5880508138151713
1.6659260717929216,6.924361513243697,9.112673971920984,9.75722412831546,0.5535597458756916
7.690496937638575,9.912559937021882,9.019792537762601,5.877458136906787,2.0115210844404787
2.182561012789738,1.2839428945412523,7.762504837039446,7.838636589655273,1.1905711591098587
4.1480073998863585,1.0410964938416634,7.600849461553755,7.896572333309689,1.7923473952738243
10.761460918872142,7.243388171287411,5.714379806697059,7.4481223102512235,3.2662688670972724
5.687539683154468,5.783869170064091,8.876730752015678,8.223726242884092,2.017068446443136
8.010692862252327,2.7416066655980584,6.357046902233572,6.149133628988093,2.466127525395795
2.067838454419558,0.794193689889866,7.483477114089733,7.7633113388837405,1.1806418518313742
2.3074682257040493,0.8565824959643054,6.421370464637583,6.860866276234486,0.8494113429129995
0.49042339519774636,8.941908746641182,5.669141814998466,8.308336298145946,0.10003158122726491
2.0272207568659746,1.918673247187429,8.147788484458683,5.706117716865747,0.912232564700421
3.3430840683835035,3.2337156211552074,5.271660174114519,7.854387084197381,1.2412394394572908
2.124125811320962,2.26656402226988,8.743226170631,5.9263517769166185,0.9239095422827945
1.0644304050846674,3.5499630583193733,6.5879339763055835,6.393215315575182,0.34183096860943163
1.4476304532072097,0.6942384274609337,5.000673465022427,6.093549001617916,0.5995772145891163
5.529345216392709,5.190597909082704,7.555645696186149,5.914188899344086,1.7992736694636775
2.47600462086951,0.676125635922149,5.234259542638016,9.128554757803336,1.1089951044647457
4.3712383325769055,8.003565078223616,6.3808477891044975,6.428537838304452,1.1111932458618907
6.041007250258282,2.3371208191043302,8.534882437278581,9.635618909322247,2.2954461341222685
8.284737943552383,5.400119146045106,5.31344810810933,9.849632626725954,2.6154154257634596
0.47174567809318724,8.800790875614583,9.196692461780012,7.856302349685487,0.10148415964722696
9.592924786908512,6.5087736904719415,5.019099613292916,5.715005613328632,2.752438751548956
7.534804673890893,5.329577865513353,6.2341193460095115,6.872741216897906,2.1939625088916
0.9811083833864629,3.243337531153756,8.704520280760358,8.98866131674107,0.7321656384582511
10.482943489281327,3.330019130581979,6.581350748646534,6.836953643485352,3.178382090255299
11.050468806381758,6.694869551981901,5.509461940330068,5.435086091513944,3.1803971643154325
0.732935518258365,9.941393612211675,6.80116959400214,7.78392455464094,0.12281097486692588
3.3225317777664447,6.618391898493786,6.351966431922627,9.225604257480175,1.0658399384052442
9.674415357516736,5.577834173700249,9.213559510802774,8.979631935717512,3.0234328985700083
8.9791162846039,7.306505102392461,6.566739587925715,5.875615700651766,2.5284096302615473
2.214252232276528,4.652056122837181,8.944662358880036,8.363823072062333,1.0316728635410992
2.5121918800405236,0.6014234260078521,9.459360724053674,6.102521317178235,0.9235863927117646
4.445665233496584,5.6229681587790985,7.169087097882647,6.091037672760861,1.45255116211002
5.814275822292256,9.576252845053801,9.54971571927196,9.370358866525926,1.6654701044349867
7.4190572583635515,1.7530294235765964,6.886590269815964,6.248344763701151,2.3380657063302355
4.426963674837269,6.900048908206657,9.82039208245054,6.316236732590056,1.183086657040848
5.550416593597775,2.0093368865905648,5.446447622627865,5.003266953806498,1.7646581337498042
8.96965125760508,5.3582768447308124,8.435096332516213,9.353345170627588,3.0229815350449836
0.4401984346871748,0.9667644964671962,7.469070202284644,8.962974066045675,0.6837213055827926
3.029243332128249,4.503709362581851,6.938244027278236,8.13664467545339,1.0835875315093821
8.56019503061463,7.561633288952461,8.163559393743004,8.751328819694212,2.789976844736766
10.742482052246391,3.4757152423898208,8.519285458171655,5.760242837122459,3.448958853554426
6.140129305387994,6.64911724487218,5.021816348251545,7.291617972937877,1.909582929372789
6.385361823183787,7.954499607897292,5.834765443735994,6.756096936743905,1.7178835665602716
1.2860641360773126,9.271778194794527,8.565230253171594,5.468882631285083,0.3222303310834676
5.368948401881456,2.3464208185545354,8.331927067891032,7.43065242607462,2.09336347963671
6.391407197460278,3.993159158093081,9.830237525643387,9.603698251713176,2.1177642013334297
2.909646043616756,1.5241601333041743,8.805188951253914,5.200295595253472,1.1966858064198183
3.2309187713925716,9.924835021583752,9.75386353865669,6.457304567468969,0.6730338803385838
4.527409957255472,9.270009679242953,8.512702507674035,6.037704681028517,1.2947225032144938
0.24085437333271642,5.399571302805596,6.490261043197216,6.190733268328481,0.0022777468595351347
3.8649499869981394,8.420332943764212,5.526824611254282,9.542172759396877,1.138468348911231
2.5373760839585358,5.209579772720422,8.909119316724677,7.340345271171451,1.1007338365515396
3.9299682261349758,6.2358568800275975,8.22074610737958,7.331497064699094,1.4671976238391127
1.4371455818310146,0.8912443211601662,5.240930061966481,8.802878212276411,0.786581458491296
10.68632736887874,7.552704204968079,6.800252329504891,5.772461020024629,3.028263000415218
7.123109442648584,1.2771348363523483,9.78399907742143,7.436326770500254,2.473076090976958
8.149227829733874,8.260676302525283,7.502005728551007,7.149926070605298,2.631734533793898
9.470054863288059,7.820280876703859,7.163645680098523,7.98455345273328,3.050002415151225
5.981306387148687,7.087446977429765,7.2884980257964695,9.997788516252193,2.040019567273118
1.0430434570490843,0.36160380524762115,6.044413620025819,8.847244470410235,0.6948328468523441
6.445278501822573,3.031283559453286,6.843535854323976,6.989328515087136,1.9820193725741078
7.04209341625055,2.631125699108429,6.849066279935883,9.137765261370234,2.381071739919744
8.945273690211959,3.6013640747151907,5.261775100937362,5.853541816562401,2.703513903327828
5.179914554756152,0.8764274676383854,8.837838142589591,5.152318431544801,1.9101529930449264
1.5309636335467651,9.369578230310628,7.082522159519395,6.022241862321366,0.39081017854849814
3.4053108695846936,5.538022407123763,9.110899434082118,6.702057780571298,0.9446921405192199
4.356987556783621,3.0552431065802352,9.251740005599476,7.552903787297799,1.5543341117060745
7.751006895979215,3.969815170742834,6.05997027349329,8.075645702705998,2.526811310256623
6.849339656026943,4.472025405048356,8.286767410850644,9.55302858607211,2.4312006265556656
4.273160710774155,6.005943333606173,7.361409020814909,7.549270047752288,1.5816510465519378
11.838182985515756,5.156794276964978,9.400783689607426,7.506378223128647,3.6936151818064777
7.269297832282646,9.193919732144174,6.07870339588227,5.2512150491149105,1.9210933630775853
2.8467215008319338,4.969634829058302,8.389066001550221,5.174557763281119,1.005534708796665
1.221389671444845,9.921580148233126,8.038760611263612,7.755799809581861,0.47033789402179715
1.8343096702119843,8.514249577450958,6.476507387859164,7.190893066241722,0.5245804221910475
2.9514927406140976,2.085105143573358,5.6830045182558635,9.195901974901492,1.1811925650055615
1.928176479114668,9.305952146439163,8.258198802386383,5.803397923559226,0.5131553364124424
2.238804288615669,1.163663978854761,8.692987290661653,5.124858310585248,1.0134580876419628
3.421142024326165,8.174497084911916,6.57813671881675,7.2451938396506295,1.0176177530522537
2.080483143537058,3.806232934765801,8.224163020111568,6.187392783761288,0.8338332963228274
10.761185095517103,8.779743204450694,6.975654538057516,5.248071866694187,2.9893683684325962
0.9628049479397065,8.680566901074503,8.566034416413089,8.622991434238145,0.45481313932818684
6.294136674843056,8.059254001176212,5.996076374470266,5.557964999786237,1.6852783023941065
4.924761923875938,7.900304363070614,9.451075013180873,8.041597500038858,1.4824133590092505
11.788543402903276,3.046791390980408,6.437047982327899,6.405248750834446,3.584223451321962
1.3444668260166281,0.8091928305125218,6.8389299387807645,5.86748025177511,0.5628804062793623
4.774267188548899,4.029801787651614,5.290459760401749,6.898757614596587,1.4307900671820892
11.633645199304427,1.7352451498650867,5.557561061606382,9.007228881114768,3.8033313022980737
10.386085510727764,6.9495108890246176,7.579309513561641,6.960467884522863,3.168350108767098
9.80486485139136,3.4609972653778556,6.337963383639858,8.753848246055279,3.1684095921485156
3.094833924539278,9.756102008599148,9.177401128710972,5.627431483995753,0.6406450769318259
2.05065104868079,6.40972077345332,5.073466943274769,8.863857098325395,0.694709275931571
8.023718639093172,8.224805636343609,6.89547024335968,6.184666624533243,2.195875309910771
11.152511869531029,1.3252467274184843,6.686727733845464,8.386965649444363,3.679491224488385
6.681154716167157,8.620144822726225,5.096638154588005,7.828907774204982,1.973339173713836
6.859352273638798,9.227571905133944,5.621841995002551,9.645723586058438,1.9964270868349423
3.35974912392341,4.870619188189359,7.068213374593176,6.93661258987657,1.1643937777675553
9.233915198303244,6.062529377509774,7.464322922237233,5.330825944172203,2.8670480906154845
2.2445249826902804,7.648098009029955,7.021448736274346,5.095777427756264,0.6909525943555863
3.884150836850924,1.7483862726041255,7.65468839206047,9.134292804863765,1.6778259374250708
5.105237263397001,5.0256607646344245,7.9756583745284075,7.623678188307161,1.8802881407873788
6.09132454421346,3.986630277723131,5.049619105639178,8.876220259174747,2.0280658493778816
2.908916788980963,1.4637399216224911,7.32047579726752,6.172128000057573,1.1994880406131643
1.3780418968704424,3.6753442229153146,9.81749620443794,6.7254187275661685,0.42964535791536695
7.327440509299591,0.6817230938549357,7.5951614006477435,5.1505193610565945,2.5641459980971306
3.4635666388830693,0.25811906949486985,8.387711337294766,9.80746162287056,1.6261640381901772
6.974858657071348,1.3516628915482276,6.5593192895844155,8.339339533504067,2.4248744525439934
1.8523525832904277,9.631151115891738,8.869956890763813,9.666025438796531,0.6741482191925414
5.77368122225781,5.49529535895017,8.864607409380575,6.327482037145362,1.8573395987298345
6.39107319061903,9.6582216115322,7.606480238270695,8.057318056128304,2.034410876609099
0.6218824418691229,4.32497878330132,9.880069116396069,8.392499841463188,0.3703157933956709
4.0392513383270465,3.1181613308525957,5.627751073813267,6.587748501287942,1.255867334955484
1.612976123267691,5.061418628402441,5.084738324447905,9.240546175078151,0.6308219055601851
0.7604996456732129,4.3951168863291015,8.850791058785479,9.735807314501239,0.6083940493855089
11.879522788679342,1.0566468426174391,9.035777686824414,9.424275588480022,3.911024494472931
3.8682461396966756,6.408263146902062,5.601036145602881,8.695334879696862,1.2400606845638997
9.718493350255619,2.160381825095996,6.327914164793031,6.38732339862477,3.0075289138218855
3.055687857165166,6.195879548978295,5.087761816833145,6.4080802105281585,0.8069123797006351
8.178032666687152,6.502010923981533,6.466543053902823,9.81680160223019,2.5283092538070693
9.122734318676239,1.520248531286481,8.865709369593358,5.05142247967846,3.0608078690385474
7.147664887294131,0.6134962711066816,7.589802638562895,8.580249866210723,2.7136246526329058
5.6589142626019004,7.807615860684399,6.740477965841441,8.531230812776311,1.70729348574635
4.942090969767222,4.5980042376932015,6.858696474531651,8.113447704748987,1.6527270790455066
4.186419198515944,0.5816379550547579,5.006768128577341,9.950544230434328,1.6268438618020453
11.15434973097391,9.948663171697671,6.499002637826179,6.559397178818626,3.0488717607072897
9.967432893452749,0.5778056099636664,8.232293708189653,6.699859318966241,3.3613395875376413
11.58032292799815,6.950352288585532,9.870972219081786,5.3946970147327775,3.3265792639701686
1.4915666818265367,9.836789252634135,9.235304134919497,7.213990682718688,0.3556305419162543
8.77040970244373,2.391801042159256,5.117974823227645,6.305242631174241,2.7115328586251564
11.260085481852453,1.4224936868719618,9.492803023374197,6.7169335108882215,3.506900960212138
2.174796793987922,1.213849394224289,8.91599206649313,9.172858951278139,1.1917465684851622
0.7979552084013299,3.0327514756759557,8.901880617854902,9.677422567637478,0.6877489887366012
8.893447791480709,1.010458110106467,7.289978795017857,5.928665360025928,3.01751143193889
6.893677358158943,6.9216134169413195,6.990026464772514,6.862544657767329,1.922022536600617
10.101945321099265,0.6229179813006269,6.514578644165963,9.643152810576971,3.3994376972647484
1.677268519515474,5.094221281497897,5.328474294771829,5.309042303446113,0.4484694917797474
9.543207742318682,9.966968538529768,6.141176817468495,5.4618026405568925,2.564613895769116
2.4195278405729344,8.139702695060189,6.233018174890123,5.813954946031147,0.5188732174188709
1.963871314388454,6.152194382310109,7.420385348551008,7.976064170634373,0.8815516752010308
1.9711895751719153,3.062536207866117,8.73722203298347,5.752361355029987,0.8382300621582688
9.774896642776586,6.238958362916385,7.369049141989733,9.840381907253668,3.2205210746871566
7.982366648354402,5.270414639116517,5.289222247235803,7.233572636292601,2.531189262550495
6.276785097229432,4.260833838903714,9.78894900494102,7.507589801750832,2.069993837223644
4.30596580948203,1.3071037674019947,9.713621595470562,6.233293079027033,1.4264345544745094
10.5264064897573,8.866042152404667,8.925947715742042,7.354801262173668,3.314619839306957
4.709341289071625,4.497846488213225,9.956639507821102,8.309568163185057,1.587910062310826
9.799193273658926,1.9462251182076507,7.7224116640013145,8.755885684770213,3.442446726187295
5.2696189028426215,3.677593508772896,9.81384175126603,8.769340413549564,1.7970059954141415
4.523333153098891,4.1412975252892705,5.378025203083753,7.889455563470442,1.5499350696652037
5.552157428035278,8.275378955668742,6.828403741306857,9.521798874969285,1.6518782806271461
3.616534489969705,7.336143805614021,6.126906340033829,9.087039236530547,1.1181531567102103
8.971312562115013,7.693048936413398,5.97916542067135,8.785240573493127,2.7067413218138343
6.032644681109749,0.11031264428647214,5.704014744463381,5.2780276084023034,2.004277772118601
2.7865523417618077,4.161539981797615,8.112068207829983,5.034389811098246,1.0278887034386617
10.794894879294821,4.813441516353237,8.906609278736525,6.062236385977364,3.3977963879707844
4.6066946564785365,0.19192276823056686,7.891491997101803,8.317617969567262,1.9724122585320325
6.522634333367863,2.598132087450342,5.734813547941048,7.055987444412729,2.226883695637842
10.877665331574564,7.60289823122135,9.055618849667354,7.012031296496559,3.2831546879113014
7.490855950967905,1.3710970572899905,8.179773535818642,9.422934441148069,2.7787019324258724
1.4027764885003688,5.353101314525917,6.9408285306349775,9.477814240659193,0.5531778808238147
11.277985483361702,2.152018720172375,8.370651477680315,9.54587632026793,3.875794708999892
7.532496636857014,0.12120774643893273,6.299524896214164,6.569390382575136,2.4536886037351575
4.0188673758850335,2.412014575995415,6.725961042471052,8.45527906369631,1.4850594839657394
1.671264871960647,9.758737549100537,9.587429215659952,6.358165906371848,0.2134425841331672
9.528302271243552,8.015371118829895,6.452522528357102,5.953049165372249,2.6577221254315706
7.440873071142162,9.595766443210334,7.349941340789683,5.923162286736846,2.1524735991821324
6.401533103715858,4.878540439263625,9.450705686980072,6.71053810431797,1.876532909151576
10.72671099661149,1.097361986775035,8.538606751337637,7.1497880988991085,3.7631451996446956
9.46316653469437,5.47959488973693,5.311016130823514,9.154745855275342,2.9649702159214644
1.8200985567930141,4.543773345599609,5.736515221394852,5.59945546736356,0.5188408997579238
3.7406648135465788,8.44357082739616,5.039207953859584,8.674629236974472,1.1000209026941654
2.981869677773589,0.9808258078424459,8.154608951145818,7.657274570946527,1.4455196129399543
8.927355510872124,4.882411370217782,7.238367127052092,6.4397267133799625,2.8340860847507483
0.4023892168293526,1.5004866469398426,5.671374254511377,7.4640979226641235,0.4456924327018135
6.838676218455799,3.2467592689005995,9.789670605283852,6.499710348885113,2.08926490209171
9.149504228888286,7.373570773877996,7.6482986197280995,7.9804097761915305,2.9761727299725864
10.521187641140994,4.7601812936876655,6.209466470564446,7.169219614276221,3.318347227657915
4.10498098459089,3.7588828514576935,7.503017855773537,5.822027645394393,1.4435501528043821
9.855087656064153,3.944762785700353,8.39810166367554,5.5829153727784835,3.1592881575342284
1.3275808434624867,4.594467684059866,5.381196089867823,7.73347841036065,0.5685508688357528
10.157427500814219,7.850165438370569,6.37351907523946,9.512065166430517,3.0547199783257373
1.529863947983789,8.920846889402345,9.034827454419968,6.719788432788428,0.21291683992501953
4.767447486724407,9.553346865039282,7.2983243520133065,8.665000536113116,1.5525669027653581
9.567544389354644,7.869033862552951,7.732885710161474,8.293306774698834,3.076811623678746
1.7990091281852854,3.1540689574801273,7.164080011047346,9.657774571547405,0.9819992905815793
2.751016742791698,6.881347060865421,5.219499713215026,9.104905086495705,0.8812376697942383
8.667030820716796,4.376031240553919,5.82874889910078,7.833026294527315,2.781307684187343
8.640438438552891,2.5467062204605115,7.2277081937094545,8.285152491170535,3.064796220542842
7.693771594623568,8.408715794259226,6.045927327039639,9.491932332920175,2.287695688674109
8.3273813336052,0.38426348962324997,5.249895143298394,6.997593922934674,2.6790012256003974
6.512693320171154,9.017619921354235,9.218248320259118,6.633973529288887,1.7029269999836345
3.021588706883433,4.614774646247342,9.90596264582058,5.054055418175982,0.8757378797526629
4.148351922047033,6.3720147680828045,8.965714369983697,9.132755370957321,1.5259048382099698
2.179172601617108,6.593539222057827,9.268924608523335,9.004903502016823,0.724074819382241
10.90140673600354,8.951177407065364,6.2098856515852265,5.522272590500757,3.022863150447794
7.000701537193446,6.366696821672074,9.803134877565999,7.884286905663501,2.1818756200744303
4.810217001163679,6.139335847600618,5.984628522267142,7.319908490834437,1.5360983079690727
5.544069643729593,0.6665204056068996,9.757149051809161,5.5935454775455575,1.829894872838533
11.367400075341784,5.18408021945204,9.974096469829755,9.902841135303618,3.551016011629933
1.8402168373929624,1.5016900081704165,8.558614028730243,6.073479437316777,0.8769805508093678
7.034757984201567,7.374337687214856,9.90571865895911,5.336170900452806,1.9417105108997275
6.070664146613591,5.122219208126745,7.847698897835518,7.974236897509548,2.1650882835777403
7.3374508252157735,6.802277792083533,6.297708915880452,8.694333385665164,2.2611213579605556
0.2173222058500861,0.41672900602384266,7.184979428328104,5.162217230235935,0.444360211453834
10.465486907329819,0.8479201604580322,7.96780467689393,8.293588193635111,3.6972500641760444
11.185419389803348,7.163233880626823,5.365407810135075,7.661459379757272,3.3974641229096636
6.781598203070507,0.7208433599867337,8.111716323086231,5.516325044375242,2.3984372929218156
8.359809886522708,0.712567277652586,9.905889183811473,5.86261938473181,2.672314602074183
11.069992574127548,0.1210847523488745,5.9505382489186385,7.839871486580403,3.714943534620821
8.486863611760784,9.5650139829948,8.962975581441917,6.481788067566442,2.4678083843784955
1.8304685149711362,7.37508359459007,9.539493968898096,9.69157864325658,0.5803863747618372
6.915460322001758,3.5325140850206416,9.718507964101104,9.093701147420255,2.2980123923494955
7.280580556594271,2.9653558128765525,9.800678022027236,9.917836032568315,2.435906376334454
5.089568055628632,3.4970322974584955,7.60729819360736,6.29835419475207,1.7520188018156648
8.837330827496674,7.746535311811819,9.886539539957518,9.848618163989885,2.6638724826584115
11.212404177228178,6.613706110704144,8.786551035672193,7.156169348957789,3.6330359476332466
11.106822154881316,1.8519556786746794,5.808357181184809,6.737593976568773,3.4394488625306607
5.410072456849585,1.7410933533408435,7.38450053233985,5.251747634846766,1.9359670693878333
1.358856550089063,0.9839564971339732,8.59165587686002,5.263826289298013,0.7584591401700205
11.818094387548015,6.603027197013382,6.236701579095417,8.460056279733273,3.6152769564137355
10.066777037351208,7.643726622217359,8.203075917744437,7.289644972170139,3.2378467800944946
1.4959521744392021,2.6504642832500402,8.333002395233096,6.132608130180529,0.7162624381692586
11.050102591408468,0.20944961030912812,5.81349871904283,8.069851531626163,3.704558296907084
10.438756344745538,0.8217166747642735,7.8254265622637815,6.264290591250556,3.4905410696854475
6.226056685512866,9.678600348450304,8.858134554893038,7.888158771722113,1.9838869882313446
7.095305228939151,2.9544477747742026,7.49447832267971,6.796043734913452,2.3808691799430353
4.788032446441563,7.692231478381336,5.060515583880537,9.117761133059094,1.4517981600134022
0.657139665864376,6.2466356885426375,5.045192345396461,9.103480803833897,0.2848101153321809
4.022366899750811,3.8193963965289592,6.7851467198500615,7.386751990612007,1.4157402500987952
9.634241383176137,2.0568726219555513,9.63097034215891,6.754095546675078,2.9874287838550635
0.055584276055234305,1.2138641815940643,6.143383898018044,6.8127989827954725,0.15598207373686712
4.00199006029373,6.150129680388666,8.171818444358436,9.02857262834109,1.4930905340686857
4.778024323091319,7.74633780637788,6.110379353466603,6.6408974139880605,1.246090406608502
6.448747235255075,6.439042535411307,6.608349948297743,6.04529686853423,1.812672043805957
11.038267396953126,5.303021332491583,9.24021044800742,5.423441709376534,3.2463291524613584
4.156151932391535,0.41951223431636264,8.644307211349734,7.333465604422042,1.8258699680016421
4.163438422754732,9.684887775943839,5.476996386566054,7.41066049459921,1.1647871380292276
8.850014977316981,7.987141916545745,7.143510104932168,9.204543552014535,2.8556473973678074
5.426615290677686,2.928220367009647,5.145848818226322,6.10619348223032,1.6815735688528235
2.6952578752797836,9.799703293588507,7.404450733015045,6.904956368341999,0.7185921979045098
5.42927419359232,6.018815896363221,8.312170058505341,9.042028694468454,1.9278414632595349
1.6902842445575983,5.824226582072464,5.592513117990758,9.118118053744867,0.6158739442636563
2.1166438380746797,7.4807317942953215,6.444424694545829,6.923055379893841,0.46095656170763794
5.980413272873757,8.117697880901375,6.989183127510785,7.295620116433405,1.7882390878170582
5.0271053940545745,6.564786073315027,9.597655123280248,6.516429454246415,1.379892314550621
10.978150812817201,1.2809574636620003,9.966275077114819,9.66277439209656,3.6293973706620606
4.348726789399597,3.382675059944984,5.22455649497808,5.593218828707902,1.33548428382263
6.967060203336521,9.280836403260498,8.805039617476961,9.66874711500735,2.2260762408379318
7.5871714550343645,2.2461561184385195,6.858620332011716,8.419332259176716,2.5638436305883836
0.15713347906000363,3.7216702383751334,6.9622909311474,7.657860763433656,0.2610565317992447
7.962448464200527,4.32076882944196,8.771324866735114,5.16329530392248,2.57269609778806
2.136431602437017,4.394049896944522,9.592132160727044,7.377980959110042,0.821226985883879
11.532843809633462,6.129395824945255,9.754642972512741,7.038740525013662,3.553383351642776
1.7839527330373555,9.430758377447075,7.885612930191604,5.806094059875613,0.4636479010388529
4.975489484724285,2.40692711832505,6.785605796502514,8.282048017503286,1.772300489501033
1.0241960169437263,1.2150137630091806,8.937745429293896,9.85575453684143,0.8465081169326589
11.962491022151369,1.9747048985993731,6.255006916311501,7.810944055322626,3.8900120617154417
6.0263401239749115,8.869249002092696,7.820370144167589,8.573766382219729,1.9644395870878388
7.144620207840525,6.458108126552061,6.792892307624365,5.342252262830084,2.0204806560245543
0.8049177286611298,2.859067892391601,8.283155368539381,7.088334979084974,0.6985219239787588
8.999525644790133,8.159469389686173,6.201994564467535,5.58179242582248,2.491884223952731
2.518867117147029,8.61369996363436,5.957964728674129,8.063979177682551,0.7249751369623907
10.776651473288565,8.465143386902781,9.591195433377186,9.692410791070774,3.20973827264143
2.461675685784086,9.189265336395545,5.509018414747684,8.308888662358193,0.6790394389154485
2.288252647963999,2.522410201733616,7.529789538674658,5.384015241572108,0.9603552843025189
0.43859601417713856,7.550419287462783,6.104263914815045,6.773331024925414,0.0
5.664803341319991,4.6053949727414,5.1946498166283375,7.753316897204257,1.8691712537589273
6.778093599151397,8.419985528900614,5.180094091457132,7.0160387806662605,2.0124288033003883
0.7885036731402284,7.284906771616132,5.876108860529136,9.168220052375862,0.27230576336126183
9.306331400340127,7.764474464997246,9.33385177253,9.073355023549947,2.803675696852176
5.439466016976331,6.561618376810715,6.4123937198851335,8.059155100516108,1.7037588862523634
6.29268323193096,1.7742876946970687,9.752295852876479,6.867289725663526,1.9990905848444347
5.289152963258738,5.450269188969383,7.908111464945968,6.276681868816221,1.7142324295291524
4.809156730503911,9.846697395245082,7.183070948843831,5.5293715910656465,1.3504121493889194
6.715683975698615,9.373880664971189,7.900444173347273,6.77448841743277,1.9460111594610248
1.86288295116855,0.4317373579701167,7.583491926131339,7.065862586038598,1.1372780174520591
2.1831375659432535,1.6481481572943713,8.793881268786626,8.379114625520367,1.1725338619182575
10.341427452162208,1.317287734545619,6.412480329864261,8.290799121487868,3.4365638489213817
11.353385545603594,7.259799099852955,6.765251958001512,5.350540698206284,3.2430257086884304
4.479711795357035,8.17785329856945,9.470471512666254,6.976296577155789,1.135020873678638
3.2489360777226453,2.1351136631067194,9.732282565752026,5.90889433608681,1.0679251401614576
7.727994518868189,5.05852692951829,9.462791137432372,5.784063526584029,2.265472009184542
4.904810053177156,8.407030280112,7.097239969786568,9.13651074868623,1.6510915019475467
0.30463626792413834,7.328015447662506,8.901827515034409,5.209576083581288,0.1249901079941163
1.8738311683942843,5.422372054918483,7.381678666505493,7.0959143795106066,0.8910307477723611
8.59166674616877,5.903476904587729,7.487699260730511,5.841018278832591,2.6823261786212442
7.907087302921816,5.0836054691628,6.023400545286419,9.39665107839237,2.517945917418405
0.3251519100418019,2.9754845131882055,7.9556515162925825,7.785202566375176,0.5487713473531304
2.6636659431953933,5.650219928590161,5.93067948876674,6.15690318188424,0.7165887865291101
2.7728975590568568,6.888853020500907,6.657823495335968,7.5121364358318825,0.8874266166920117
8.06271292318474,8.733229158608077,9.275151008099677,8.657431798515578,2.3821524190250187
0.23652645305236986,6.362913539792481,6.035379046054276,9.790590044597169,0.15281225892608702
1.2493029838148861,7.61121537043158,5.355791425867164,6.102230021227095,0.19423012662288675
9.598993024478272,1.60071634954573,5.345037963064081,9.430908860646726,3.1996620898661954
2.1425359446520034,4.6155747441978985,9.70392260251554,9.671520570837451,0.8119820461857061
7.832953294222497,0.09331619827093296,7.534602189809173,9.58210272266033,2.945220178353203
2.8581933725607183,2.46678864521623,7.0470603590850915,8.177071784309549,1.334118579507404
1.193296713112142,7.264617151130048,9.054392905039592,8.149103272173539,0.3947581563771401
2.918066291993449,9.918099513493635,9.179129639552581,7.016053165919114,0.7795149119233529
8.66720318226791,0.9917809958721591,6.660955165578023,8.76198941151894,2.950571904886765
10.268357617275429,4.0149431586128825,8.468090287368977,7.6564700917546595,3.4797601272519847
9.962638374803898,8.000709686991595,8.855614079259432,8.387190356141472,3.18875602809159
4.766202355421457,2.0403563462889887,8.273253434329773,7.1422895192439775,1.9278428893119877
8.017021638847755,5.550849493022863,5.757975374000496,8.657482320215696,2.5275640170031832
2.4598115449898517,7.330712960296748,9.379415417585285,9.122357588022744,0.771407815482118
3.517772763132159,6.159854502601791,7.695472763680043,5.73218128301408,1.1473391038095582
10.756029822253437,1.8802473461541613,6.412362131850019,9.16464857787114,3.5327965793683234
0.15602308212883242,3.553845686857394,7.1261409271884695,7.701482658951536,0.46911464029578026
1.026102370253617,7.837917844853973,5.187855451994537,9.223329545451122,0.3159348188333865
2.494635061752328,5.542265141320167,5.639334006112088,7.156508531705073,0.87127726145969
0.3183864464858366,0.052296135429127366,8.827733752579304,6.895202426915175,0.4929011271742948
2.1772252210775678,7.6099076002809385,5.00005817377683,9.575303662586112,0.6726721863092233
6.996498731636306,0.3531135494023907,7.082829142411461,6.255846337742007,2.4812939420207725
5.057094607109976,7.457337827312322,7.612550905427942,9.221061626430716,1.7442614907673766
10.712060532923697,2.024805601652374,5.273172100004862,7.4201028625470205,3.512377879794491
9.80932274086129,9.580734801193802,9.865390814861664,7.570477212756298,2.8637600821986973
4.101808220374512,3.679407513020845,6.13062665624836,6.54234140744742,1.2465720904613113
3.11308120117551,3.269316163380791,6.520993598181404,7.865211003095078,1.1704585521836135
4.556308898007202,1.4888805033244468,6.519712561275137,6.6260559813810564,1.4924486442359384
7.083539310177693,3.0560421549021486,6.152083310586749,5.196347071208262,2.172259685308201
3.216763689874515,8.766507618282006,5.007369110431557,6.35999302672178,0.7267037260482543
7.489786894189608,9.963343376272473,8.646723970439982,5.031895217032954,2.148768899443259
4.912939826294885,3.683095305068483,9.834227498996427,9.891773935284284,1.6897271826350413
6.624566170223763,4.486106309545425,6.121467416425226,9.828736049098737,2.1630645355898577
5.2335183496238,7.220709382027371,8.315235959017112,6.975776487361525,1.6090200357857714
3.533589114503012,8.861957804650745,8.709481634793576,8.64185427169823,1.2169788441183662
11.38143968354588,5.930443341867841,9.242126895452625,6.729030492052125,3.317909737970372
9.16326952991713,3.9152569817782936,7.113145985068046,8.35546578542988,3.153218009886225
1.6813581091974306,4.126218408486237,6.514654528202146,9.027150215229895,0.6980965123349174
10.421615710774955,6.956181464968068,6.6264756701151555,9.733781223461204,3.1786756399840828
5.849174378994164,0.032182636042786816,8.563106665492564,7.00106137924836,2.35314318189611
10.734626722729097,6.195893374598407,9.083897332528181,8.91648991478024,3.3105933480888083
9.598263071367782,3.554930104413574,5.908069838783013,6.3296422531605945,2.901732416189656
5.102562053630802,7.941973312770843,6.854705040788826,9.95166151896824,1.5336699504506983
0.2696316998414088,0.9299063982313216,9.50970098374575,5.128847993821756,0.23439419004085638
3.224128312619353,5.882022669483905,9.033467598473695,8.017644032505604,1.0731373603116106
6.499610575930403,4.809728898861238,9.92429201381238,8.297529908256635,2.109396727836059
7.601738637913767,6.423255259052274,8.771241298410404,8.440227785370645,2.5593588284215167
3.0946522251984274,0.6485359448296835,6.965976005139611,5.601937893945445,1.0959688703180441
1.6722728888738896,5.799837874281312,7.953189169973189,9.692648917365652,0.8116899729481013
10.019162841591589,5.614845879595237,8.305071271236601,5.905916395250414,3.125006558497715
11.812826168442626,5.606600944161709,5.392279081585619,8.113767016199205,3.6635178033247024
6.30828218763223,6.034876665964548,7.722484795519326,6.113380395615424,1.9907408229914416
2.060151430179642,6.764679372263622,8.546604142363048,6.536082085106354,0.6798114604407115
3.2676879182324274,8.049889996807698,5.836606520005302,7.732292708640622,0.9778118756293432
0.2206881185696008,2.6982072012821434,8.903158587127786,7.085967092822882,0.5312960755067733
10.971585678725988,8.250494101800621,7.918863902570559,5.801128004882531,3.2789509985277654
1.4130129946816936,4.982556822634536,9.761108928487973,5.8546820121042416,0.3747760572727814
6.918197706171043,0.7705827913433116,5.212111491034459,7.090723940813998,2.4369301722841477
3.288662648246472,0.585509292439792,6.326630687777335,8.786414891377504,1.3573233298519523
6.650136030189521,3.3423831869606078,8.007769396499121,9.489823234238942,2.4279216497088263
7.81704466022237,7.8489697711146755,6.482799561029653,5.420638311296914,2.1526649095109773
9.95690164448642,7.076809347409157,8.572120820356211,6.965519537797006,3.0332300259754685
2.4770552611272385,7.886149646724064,8.795026412609655,5.5012278186143835,0.7488090960019684
0.13194994390176573,5.172690564416094,5.512579820332372,5.082962403162989,0.0
1.6426275608256873,4.401989979554905,7.569272321033838,8.308593413219782,0.872688769269961
10.800223702177261,1.4745252670628395,7.5444527779552795,8.012247209832939,3.7663408473000364
10.486680930750182,3.2819275360931153,6.846403851077705,5.8150955690744315,3.1819079024203987
7.1689572260437,4.340193661738753,9.66462431284836,6.16906416546532,2.133677484726172
7.20620232520384,0.8860042967961723,9.137531599366106,5.118538768222592,2.317560482721343
7.980440094555066,2.2061195271121123,8.486046909548184,9.174736028472019,2.8838260520109147
2.104455343481395,5.982252940637388,8.571633178674988,9.873452980242757,0.9322239560125489
10.972943351099516,7.356631142391898,7.308580719065596,5.677297683973454,3.32405144821026
5.025246298704877,9.983475113929497,9.604972605482878,6.1573760688264905,1.2084001339149884
4.5976623389939695,9.331133313435577,8.472977136266426,9.34204761973467,1.5127420360264119
6.2270124633940505,6.425651995351915,8.644905308279082,9.632318989780924,2.1468211392506196
0.5635916013006605,4.21248053294072,9.308454518936726,7.098136914034052,0.3584534537431622
1.995400425072953,6.361773647082327,6.370357946710955,5.25311236134537,0.48053144516776947
8.856403397116445,7.85651618080232,9.035354519333515,5.1969591684640974,2.4640952100948175
0.9935840151015176,1.1833619092338732,5.9762030147824605,7.869749330345052,0.6389071090687617
7.237825313596659,4.099048896962882,6.7267097612244395,6.964475544465895,2.1663951492308535
2.9441893161758514,8.398022856356173,6.678052271349213,5.143262137888272,0.663355652034947
4.6715473685037185,3.83832951933044,9.892627341945703,7.916261961562784,1.6095477345845937
3.4643248412483985,5.718722712271865,9.282686118739633,5.056512682945113,0.9533613167609265
4.26807259757939,5.877693608621982,8.505849307951298,8.936859790746364,1.5865370988427177
8.628550862210947,1.8447625313363936,8.63528380807695,6.532164113516858,2.8963271320964643
3.5654605874781002,3.622354416522884,7.810363972012855,5.20129001504616,1.288520455417286
6.796855683562766,3.3451128874193214,9.735453335542594,7.941761104915766,2.2718010606978636
5.712604826389196,0.26196708532064794,7.481293764411808,6.988422072165274,2.1006830936507264
7.964053984351778,0.24191763891355245,6.902588549349472,9.869002066785747,2.7771203133598554
11.241956871897095,8.316970436757735,5.815176684657955,7.720993312518511,3.356738539731242
8.790865166523004,2.7307080997281243,8.93102826130529,6.376195905185042,2.900724144970495
2.579284543089081,5.180787662388155,8.672219660377957,8.547194323169874,1.1147459798073165
0.37419762073541607,2.9872557358877305,6.921775192620674,6.357460012713556,0.1628964994262383
3.147168531597901,9.406792451153406,5.125967069796147,9.521216457037825,0.8738109369216998
7.1409351684030575,2.5929675886577375,9.194986638590054,6.873609852536882,2.2126321710880306
0.6171097618110042,4.296568127389351,5.0570899172703685,7.749342813881026,0.3703045221738338
5.956394966414836,8.727302504846019,8.518498898145255,5.252865519121144,1.7505533646821496
7.16211418700267,8.419335667918087,9.851285548630285,7.130606189761154,2.1276674727048968
4.010926689803529,1.8610141784627732,7.188306640741017,9.161817698304976,1.71022729801792
9.250946444949863,8.026433097957105,6.174867024979764,9.02824402681671,2.7739622785871036
1.2791790376052616,4.581868867378926,8.524355050216908,6.121592794267631,0.5546602679126325
0.9016533808297051,4.829688720853552,9.085640710077925,6.130395355052814,0.22901157820623402
8.738265074443241,1.3347997241594378,7.732151580389237,9.086526561066183,3.154739536125001
5.9458957944743815,0.8060151375712465,9.835176376280732,9.651992100846627,2.1434679814637523
8.260828757132833,7.279393069737652,5.258343608289805,5.476804606365018,2.314278973652967
5.217928063244955,4.964611523552998,7.52397799152264,7.250293197131127,1.9171478427958364
2.9568243988692817,4.3685070261517955,8.59226973661275,6.687271394821145,1.0686219683531948
9.829227812090396,7.295082286523967,9.313202355745894,9.353442277287197,2.9840142293009206
9.592990547627751,7.6551289899110975,5.89627805953895,5.417624573400094,2.69514071479277
8.33635765025312,1.5890816766935356,9.000017408818408,6.0556297127901875,2.6214532112412594
3.2657416467595524,6.102251494776413,7.763535378592726,8.762341687932471,1.274609919289045
7.082768002429045,1.3535408227768553,6.982768409949816,5.256469244906078,2.257153359589871
4.331686763280322,7.513750860290457,5.658575142895468,7.462676903571446,1.3238184859695739
1.0989848799196098,6.569551562671395,9.326478794544563,7.2105351733986005,0.40121788584231327
11.007762905546914,9.56614621083458,5.786366040898577,6.6720058949437435,3.0240215611223444
1.6418235710275368,0.6895801635642118,6.548939296045496,6.972861576594619,0.6580680631300505
11.40284824584963,0.5705472115125432,6.450227659812184,7.649702934651165,3.7923271131792617
5.352069275495468,2.8218707469320012,9.357070170954271,5.806836791941915,1.6645272453020405
